timestamp,Bearing 1,Bearing 2,Bearing 3,Bearing 4
2004-02-12 10:52:39,0.06023896484375,0.074223486328125,0.08392221679687499,0.04444199218750001
2004-02-12 11:02:39,0.061453271484375,0.07384311523437499,0.08446240234374999,0.045081103515625005
2004-02-12 11:12:39,0.06136098632812501,0.075606396484375,0.08283671875,0.045118310546875005
2004-02-12 11:22:39,0.061668505859375,0.07328051757812501,0.084885693359375,0.044170654296875
2004-02-12 11:32:39,0.061943945312500005,0.07459233398437501,0.08262333984375,0.04465830078125001
2004-02-12 11:42:39,0.061231347656250004,0.07417060546875001,0.08202099609374999,0.043840087890625004
2004-02-12 11:52:39,0.062281347656250007,0.075808203125,0.08437338867187501,0.04427329101562501
2004-02-12 12:02:39,0.059892822265625,0.07511679687499999,0.084503955078125,0.04397231445312501
2004-02-12 12:12:39,0.062369384765625,0.0755072265625,0.082236474609375,0.044169970703125006
2004-02-12 12:22:39,0.06083764648437501,0.07464858398437499,0.080554345703125,0.04360444335937501
2004-02-12 12:32:39,0.061091308593750004,0.074829541015625,0.080785498046875,0.043522705078125
2004-02-12 12:42:39,0.06260361328125001,0.07549184570312499,0.08062187499999998,0.044678173828125
2004-02-12 12:52:39,0.06234145507812501,0.07560327148437501,0.08039472656249999,0.044246240234375
2004-02-12 13:02:39,0.06163056640625,0.07528203125000002,0.081001904296875,0.044686767578125
2004-02-12 13:12:39,0.061883496093750004,0.0759943359375,0.08330771484375,0.04455209960937501
2004-02-12 13:22:39,0.061244482421875,0.0740353515625,0.08016284179687501,0.043481640625000005
2004-02-12 13:32:39,0.061474462890625005,0.07533076171875,0.081758935546875,0.044155810546875
2004-02-12 13:42:39,0.061842382812500006,0.07581826171874999,0.08150869140624999,0.04355419921875
2004-02-12 13:52:39,0.062211376953124994,0.075918896484375,0.080891845703125,0.0439259765625
2004-02-12 14:02:39,0.062623291015625,0.076409326171875,0.082297509765625,0.04376416015625001
2004-02-12 14:12:39,0.062512646484375,0.07490590820312501,0.08181030273437499,0.043430175781250004
2004-02-12 14:22:39,0.06260395507812501,0.07651123046875001,0.081138330078125,0.045041406250000006
2004-02-12 14:32:39,0.06244741210937501,0.07664794921875,0.0835732421875,0.044516748046875006
2004-02-12 14:42:39,0.061328759765625004,0.075148046875,0.082571435546875,0.04414335937500001
2004-02-12 14:52:39,0.06144902343750001,0.076665869140625,0.08087377929687499,0.043865966796875
2004-02-12 15:02:39,0.0612880859375,0.075561572265625,0.082174658203125,0.04417895507812501
2004-02-12 15:12:39,0.06190380859375,0.07515419921875002,0.082513525390625,0.04384360351562501
2004-02-12 15:22:39,0.06188974609375001,0.075881396484375,0.08026474609374998,0.04373535156250001
2004-02-12 15:32:39,0.06172607421875,0.075646826171875,0.081356884765625,0.043280371093750006
2004-02-12 15:42:39,0.063207958984375,0.07551503906250001,0.08135029296875,0.04509169921875
2004-02-12 15:52:39,0.060691357421875,0.07611416015625001,0.080070263671875,0.044029833984375
2004-02-12 16:02:39,0.062273437499999994,0.07644072265624999,0.08200498046875,0.044521337890625
2004-02-12 16:12:39,0.0615251953125,0.077321630859375,0.0834173828125,0.04420649414062501
2004-02-12 16:22:39,0.061505615234375,0.07580903320312501,0.0793544921875,0.044172949218750014
2004-02-12 16:32:39,0.060628320312500004,0.07618530273437499,0.08224033203125,0.044367431640624996
2004-02-12 16:42:39,0.062685400390625,0.076527783203125,0.08133125000000001,0.044789111328125
2004-02-12 16:52:39,0.06121889648437501,0.075747705078125,0.08236689453125,0.04438125
2004-02-12 17:02:39,0.061414404296875,0.076755224609375,0.08167958984375,0.045032080078125
2004-02-12 17:12:39,0.061577539062500006,0.07701552734375,0.081989208984375,0.044673095703125006
2004-02-12 17:22:39,0.06191557617187501,0.075827490234375,0.08108427734374998,0.044193994140625005
2004-02-12 17:32:39,0.061147216796875,0.0754916015625,0.079661767578125,0.0436552734375
2004-02-12 17:42:39,0.0614578125,0.07510683593749999,0.07858828125,0.0442091796875
2004-02-12 17:52:39,0.06138168945312501,0.07671152343750001,0.081844482421875,0.04396962890625001
2004-02-12 18:02:39,0.060115380859375,0.07534951171875001,0.081258740234375,0.044294726562500004
2004-02-12 18:12:39,0.062267724609375005,0.07608276367187501,0.08218564453125,0.04443549804687501
2004-02-12 18:22:39,0.060795263671875,0.07491430664062501,0.08278334960937499,0.044283837890625004
2004-02-12 18:32:39,0.06178398437500001,0.07634487304687501,0.0812828125,0.044675927734374996
2004-02-12 18:42:39,0.060625000000000005,0.074740771484375,0.07950488281250001,0.04378247070312501
2004-02-12 18:52:39,0.061513964843750005,0.0766935546875,0.08101669921875,0.0445408203125
2004-02-12 19:02:39,0.061633935546875,0.07628876953125001,0.08007553710937501,0.044698974609375004
2004-02-12 19:12:39,0.06239111328125,0.07597148437499998,0.08020952148437499,0.04393095703125001
2004-02-12 19:22:39,0.06057890625000001,0.07613872070312501,0.07999404296875001,0.045377880859375
2004-02-12 19:32:39,0.06034692382812501,0.074786767578125,0.0813240234375,0.043911962890625
2004-02-12 19:42:39,0.061459423828125005,0.07620888671875001,0.081614892578125,0.044705078125000006
2004-02-12 19:52:39,0.060919775390625,0.076059326171875,0.080233984375,0.043868945312500005
2004-02-12 20:02:39,0.06096416015625,0.07527646484375,0.0794787109375,0.043129248046875
2004-02-12 20:12:39,0.06019912109375001,0.074812158203125,0.07934960937499999,0.04292387695312501
2004-02-12 20:22:39,0.061614990234375,0.07698813476562501,0.081461328125,0.043104785156250006
2004-02-12 20:32:39,0.062090917968750006,0.075837109375,0.08092783203125,0.044374267578125
2004-02-12 20:42:39,0.06078271484375001,0.07589057617187499,0.08136718750000001,0.043353076171875005
2004-02-12 20:52:39,0.062264160156250005,0.07571538085937501,0.08127578124999998,0.04516005859375001
2004-02-12 21:02:39,0.06065493164062501,0.076351123046875,0.079166796875,0.044336669921875
2004-02-12 21:12:39,0.060836083984375,0.07514970703125001,0.080728125,0.04398735351562501
2004-02-12 21:22:39,0.06068061523437501,0.076042822265625,0.079276611328125,0.044346142578125004
2004-02-12 21:32:39,0.060812451171875004,0.07616796875000001,0.0813716796875,0.043722412109375004
2004-02-12 21:42:39,0.060510986328125,0.07612978515625,0.08050263671874999,0.043657666015625006
2004-02-12 21:52:39,0.060512841796874994,0.07632724609375,0.080492431640625,0.04317763671875001
2004-02-12 22:02:39,0.060746484375,0.076048974609375,0.080589306640625,0.04435791015625
2004-02-12 22:12:39,0.059399853515625003,0.074861376953125,0.079829443359375,0.04402412109375001
2004-02-12 22:22:39,0.06052802734375,0.07673291015625001,0.08193452148437501,0.044243603515625
2004-02-12 22:32:39,0.060770068359375005,0.07572387695312502,0.08063427734375,0.045050341796875004
2004-02-12 22:42:39,0.061740966796875,0.07780322265624999,0.08116035156250001,0.044400537109375
2004-02-12 22:52:39,0.061893847656250014,0.07697465820312499,0.081865283203125,0.044710107421875006
2004-02-12 23:02:39,0.061242285156250006,0.075461669921875,0.079191650390625,0.044678955078125006
2004-02-12 23:12:39,0.060409228515625,0.0767333984375,0.08057822265625,0.044152636718750006
2004-02-12 23:22:39,0.061592333984375004,0.076023095703125,0.080131982421875,0.04375166015625
2004-02-12 23:32:39,0.06002153320312501,0.075042236328125,0.07704365234375,0.04395078125
2004-02-12 23:42:39,0.060835693359375,0.076331640625,0.082314794921875,0.04457724609375
2004-02-12 23:52:39,0.060486035156250006,0.07487753906250001,0.08100493164062501,0.043370068359375
2004-02-13 00:02:39,0.05913115234375001,0.07497841796875,0.07952900390625002,0.044439843750000006
2004-02-13 00:12:39,0.060680371093750005,0.07566831054687499,0.07993583984375,0.04406196289062501
2004-02-13 00:22:39,0.06073251953125001,0.074541064453125,0.0778462890625,0.04454150390625
2004-02-13 00:32:39,0.061102587890625004,0.07638618164062501,0.078024267578125,0.043665185546875006
2004-02-13 00:42:39,0.06074692382812501,0.07522622070312501,0.078772607421875,0.04457861328125
2004-02-13 00:52:39,0.06091245117187501,0.0749498046875,0.078955517578125,0.043507324218750004
2004-02-13 01:02:39,0.058880419921875,0.07450727539062499,0.07851855468749999,0.044343017578125
2004-02-13 01:12:39,0.06084023437500001,0.07619062500000001,0.08101230468750001,0.04484584960937501
2004-02-13 01:22:39,0.06119335937500001,0.07576923828125,0.081815283203125,0.0438419921875
2004-02-13 01:32:39,0.06205590820312501,0.07566083984375001,0.079870068359375,0.043572314453125004
2004-02-13 01:42:39,0.0600568359375,0.07526669921875,0.0810203125,0.04422333984375
2004-02-13 01:52:39,0.06057661132812501,0.075365966796875,0.08169296875000001,0.043523974609375
2004-02-13 02:02:39,0.059359179687500006,0.075015087890625,0.07892949218749999,0.044104150390625
2004-02-13 02:12:39,0.061482519531250016,0.07577373046875,0.08110507812500001,0.043932910156250005
2004-02-13 02:22:39,0.06067919921875,0.0760509765625,0.07910517578125001,0.04401748046875
2004-02-13 02:32:39,0.061474560546875015,0.07594433593750001,0.07998139648437501,0.044492041015625
2004-02-13 02:42:39,0.060369140625,0.07639892578125,0.07926269531249999,0.044407568359375
2004-02-13 02:52:39,0.061071972656249994,0.07549501953125001,0.07822055664062501,0.044876660156250005
2004-02-13 03:02:39,0.05984189453125001,0.07583403320312501,0.079184033203125,0.04427138671875
2004-02-13 03:12:39,0.061092041015625,0.075343017578125,0.079443603515625,0.04394599609375001
2004-02-13 03:22:39,0.06035493164062501,0.075732421875,0.07927011718750002,0.044435791015625004
2004-02-13 03:32:39,0.06017919921875,0.07585493164062501,0.07996870117187499,0.04399707031250001
2004-02-13 03:42:39,0.060262451171874995,0.07666118164062499,0.078490283203125,0.044150830078125
2004-02-13 03:52:39,0.06067714843750001,0.075924169921875,0.07854501953125,0.04421411132812501
2004-02-13 04:02:39,0.061193310546875004,0.07642451171875,0.07967285156250001,0.044615625000000006
2004-02-13 04:12:39,0.060404492187500006,0.075356982421875,0.078924609375,0.043872900390625004
2004-02-13 04:22:39,0.059834130859375,0.07574394531249999,0.08042138671875,0.04363198242187501
2004-02-13 04:32:39,0.059873095703125004,0.07529370117187499,0.07884951171874999,0.043904443359375
2004-02-13 04:42:39,0.06104184570312501,0.07541064453124999,0.079809765625,0.04498349609375
2004-02-13 04:52:39,0.060097900390625,0.07587998046875001,0.07928178710937499,0.044055175781250004
2004-02-13 05:02:39,0.06013740234375,0.07422861328125,0.07923012695312501,0.04362529296875001
2004-02-13 05:12:39,0.06129438476562501,0.07660434570312499,0.081794970703125,0.045005517578125
2004-02-13 05:22:39,0.05982924804687499,0.075425634765625,0.0794658203125,0.04398154296875
2004-02-13 05:32:39,0.06034975585937501,0.07615693359375,0.07818100585937501,0.04350410156250001
2004-02-13 05:42:39,0.0594951171875,0.074741748046875,0.07967431640625,0.044067041015625
2004-02-13 05:52:39,0.06227158203125001,0.075674365234375,0.080641064453125,0.044513134765625004
2004-02-13 06:02:39,0.060693359375,0.075515185546875,0.08098583984374999,0.04384921875
2004-02-13 06:12:39,0.06114707031250001,0.07702431640625,0.07985249023437499,0.04478354492187501
2004-02-13 06:22:39,0.06067783203125001,0.075371337890625,0.08042700195312501,0.044108251953125
2004-02-13 06:32:39,0.06058916015625,0.076097265625,0.07805810546875,0.0442361328125
2004-02-13 06:42:39,0.06125405273437501,0.07606728515625001,0.0808767578125,0.04319814453125
2004-02-13 06:52:39,0.061405859375,0.075170263671875,0.081019970703125,0.04421582031250001
2004-02-13 07:02:39,0.062207568359375,0.07613779296874999,0.07912006835937499,0.044289013671875
2004-02-13 07:12:39,0.0603421875,0.07435517578124999,0.079493115234375,0.043417822265625
2004-02-13 07:22:39,0.060595703125,0.07682919921875,0.07929423828125,0.043697119140625004
2004-02-13 07:32:39,0.060213037109375,0.075106201171875,0.07821079101562499,0.04305673828125001
2004-02-13 07:42:39,0.059976318359375,0.07509394531250001,0.079209130859375,0.04393242187500001
2004-02-13 07:52:39,0.060206591796875,0.07532734375000001,0.079372265625,0.044305175781250004
2004-02-13 08:02:39,0.0592580078125,0.07493588867187499,0.07802768554687499,0.04376650390625
2004-02-13 08:12:39,0.060104345703125006,0.07614990234375,0.08112846679687499,0.043831884765625
2004-02-13 08:22:39,0.05988364257812501,0.07545966796875,0.081519091796875,0.04397275390625001
2004-02-13 08:32:39,0.06005249023437501,0.07500625000000001,0.079030615234375,0.043596728515625
2004-02-13 08:42:39,0.06054824218750001,0.075629541015625,0.082040380859375,0.043510107421875
2004-02-13 08:52:39,0.061009326171875,0.076223779296875,0.080195166015625,0.044105859375
2004-02-13 09:02:39,0.06148720703125001,0.07524580078125001,0.080922265625,0.04359980468750001
2004-02-13 09:12:39,0.061328515625,0.07666684570312499,0.080460302734375,0.044433154296875006
2004-02-13 09:22:39,0.060148974609375,0.07611240234375,0.079763818359375,0.043992041015625004
2004-02-13 09:32:39,0.061196533203125,0.07672221679687499,0.080068505859375,0.04465439453125001
2004-02-13 09:42:39,0.059392431640625,0.0755630859375,0.07714619140625,0.04283837890625001
2004-02-13 09:52:39,0.060437158203124994,0.07584023437500001,0.07772978515625,0.043917236328125
2004-02-13 10:02:39,0.060983251953125,0.075779296875,0.07988583984375,0.044015039062500004
2004-02-13 10:12:39,0.06026875,0.07571386718750002,0.08009936523437501,0.04415307617187501
2004-02-13 10:22:39,0.06063632812499999,0.07651005859375,0.08095249023437501,0.04381762695312501
2004-02-13 10:32:39,0.0598400390625,0.075079638671875,0.08052998046875001,0.043945410156249996
2004-02-13 10:42:39,0.059756298828125,0.076623583984375,0.08240087890625,0.043657421875000005
2004-02-13 10:52:39,0.06006386718750001,0.075801953125,0.07954433593750002,0.043693505859375
2004-02-13 11:02:39,0.0596734375,0.075937158203125,0.07858583984374999,0.04497749023437501
2004-02-13 11:12:39,0.059917236328125,0.07487666015625,0.07799360351562501,0.043642529296875
2004-02-13 11:22:39,0.060454345703125,0.076068115234375,0.0796818359375,0.04346821289062501
2004-02-13 11:32:39,0.059073583984375,0.07513476562499999,0.07808925781250001,0.04389101562500001
2004-02-13 11:42:39,0.061993652343750004,0.07543291015625,0.080119921875,0.044458740234375
2004-02-13 11:52:39,0.06044736328125,0.07624794921875,0.07951142578125,0.04384316406250001
2004-02-13 12:02:39,0.06025131835937501,0.07575302734375,0.08077988281250001,0.04486523437500001
2004-02-13 12:12:39,0.060385205078125004,0.075330078125,0.078782666015625,0.04377880859375
2004-02-13 12:22:39,0.061078271484375,0.07512275390625,0.07751298828125,0.04342197265625001
2004-02-13 12:32:39,0.06137294921875001,0.07686293945312501,0.08169526367187499,0.04447500000000001
2004-02-13 12:42:39,0.062010205078125005,0.076154345703125,0.077539404296875,0.04397695312500001
2004-02-13 12:52:39,0.0604716796875,0.074788623046875,0.07949765625,0.0433962890625
2004-02-13 13:02:39,0.060983984375,0.07550732421874999,0.07921728515625,0.04379648437500001
2004-02-13 13:12:39,0.060281494140625,0.07526958007812501,0.07783037109374999,0.044399072265625006
2004-02-13 13:22:39,0.061896533203125007,0.076694873046875,0.07940263671875,0.04419008789062501
2004-02-13 13:32:39,0.06044550781250001,0.0751919921875,0.07711445312500001,0.044299755859375
2004-02-13 13:42:39,0.060856201171875,0.076333935546875,0.08089487304687501,0.043892822265625
2004-02-13 13:52:39,0.06001259765625,0.07530229492187501,0.07659082031250002,0.043449902343750006
2004-02-13 14:02:39,0.06126215820312501,0.075490673828125,0.07889272460937499,0.042973486328125005
2004-02-13 14:12:39,0.060606103515624996,0.07592202148437499,0.079820849609375,0.043910156250000006
2004-02-13 14:22:39,0.06108330078125,0.07609052734374999,0.07982666015624999,0.043897021484375
2004-02-13 14:32:39,0.06134306640625,0.07598740234375001,0.07890834960937501,0.04430639648437501
2004-02-13 14:42:39,0.061139453125,0.076678759765625,0.07909658203125,0.044931982421875
2004-02-13 14:52:39,0.060455664062500004,0.07480048828125001,0.077604296875,0.04313471679687501
2004-02-13 15:02:39,0.06175986328125001,0.07551328125000001,0.07877431640625,0.0436830078125
2004-02-13 15:12:39,0.06002963867187501,0.075344482421875,0.07708613281250001,0.04355146484375001
2004-02-13 15:22:39,0.059599658203125,0.07550449218750001,0.077680712890625,0.043051074218750006
2004-02-13 15:32:39,0.06047407226562501,0.0751482421875,0.07686923828125,0.044094189453125
2004-02-13 15:42:39,0.05972949218750001,0.07584770507812502,0.078287109375,0.04394912109375
2004-02-13 15:52:39,0.061590478515625005,0.07597065429687501,0.07809404296875,0.043981835937500005
2004-02-13 16:02:39,0.059642333984375,0.07534077148437499,0.07792666015625001,0.043995214843750005
2004-02-13 16:12:39,0.059424658203125,0.0749603515625,0.07772578124999999,0.0444447265625
2004-02-13 16:22:39,0.06048623046875,0.075056640625,0.075987939453125,0.04383730468750001
2004-02-13 16:32:39,0.060226904296874995,0.075259228515625,0.0771626953125,0.043579736328125
2004-02-13 16:42:39,0.06019072265625001,0.07553764648437501,0.07971220703125,0.04394804687500001
2004-02-13 16:52:39,0.059485302734375,0.0745923828125,0.0771919921875,0.0431310546875
2004-02-13 17:02:39,0.06154042968750001,0.0754904296875,0.07912690429687501,0.04415625
2004-02-13 17:12:39,0.060072363281250006,0.07565620117187499,0.079823974609375,0.043455908203125004
2004-02-13 17:22:39,0.061408789062500004,0.075826171875,0.078579296875,0.04412426757812501
2004-02-13 17:32:39,0.060334765624999995,0.07584594726562499,0.08101904296875,0.0440611328125
2004-02-13 17:42:39,0.06181953124999999,0.07587392578124999,0.07894433593750001,0.045658593750000004
2004-02-13 17:52:39,0.059261279296875004,0.07492631835937501,0.07682680664062501,0.04355014648437501
2004-02-13 18:02:39,0.060583691406249994,0.07572929687499999,0.07769873046875,0.044301171875
2004-02-13 18:12:39,0.059595996093750006,0.07507919921874999,0.077058740234375,0.0429408203125
2004-02-13 18:22:39,0.06155981445312501,0.07494687500000001,0.07918906249999999,0.044725
2004-02-13 18:32:39,0.06117045898437501,0.075274755859375,0.0767169921875,0.044379980468750004
2004-02-13 18:42:39,0.060975634765624995,0.075334521484375,0.07653134765625,0.044205664062500004
2004-02-13 18:52:39,0.061459423828125005,0.07542197265624999,0.08022495117187499,0.044670751953125004
2004-02-13 19:02:39,0.06009228515625,0.075856982421875,0.07877978515625002,0.04440649414062501
2004-02-13 19:12:39,0.059943505859375,0.075791845703125,0.080975634765625,0.04332148437500001
2004-02-13 19:22:39,0.0592443359375,0.07390122070312502,0.07850898437500001,0.042873486328125
2004-02-13 19:32:39,0.06038212890625,0.075940869140625,0.07867705078125001,0.044086718750000004
2004-02-13 19:42:39,0.0604736328125,0.07489697265625,0.07773911132812501,0.044247021484375
2004-02-13 19:52:39,0.062166455078125,0.07610957031250001,0.07956328124999999,0.043987304687500006
2004-02-13 20:02:39,0.060528564453125,0.074893701171875,0.077814892578125,0.044083593750000004
2004-02-13 20:12:39,0.06018378906250001,0.075951708984375,0.07937192382812501,0.043324023437500005
2004-02-13 20:22:39,0.060938330078125005,0.07568935546875,0.07927915039062501,0.044488671875000003
2004-02-13 20:32:39,0.0597330078125,0.07436430664062499,0.078052001953125,0.044238818359375
2004-02-13 20:42:39,0.059664550781250006,0.07520556640625001,0.077323388671875,0.043511474609375
2004-02-13 20:52:39,0.059738037109374996,0.07456772460937501,0.077852734375,0.043917822265625
2004-02-13 21:02:39,0.060894775390625,0.075870654296875,0.0771673828125,0.044324658203125
2004-02-13 21:12:39,0.060446093750000006,0.07608583984375,0.077555224609375,0.044854052734375
2004-02-13 21:22:39,0.060671582031250004,0.073891748046875,0.075866162109375,0.043139062500000006
2004-02-13 21:32:39,0.05993408203125,0.07388583984375,0.07722587890624999,0.043313330078125004
2004-02-13 21:42:39,0.06166845703125,0.075874169921875,0.078940673828125,0.044813720703125004
2004-02-13 21:52:39,0.06085458984375001,0.07541279296875,0.07964096679687499,0.04414013671875
2004-02-13 22:02:39,0.06080751953125001,0.074721728515625,0.07854384765625001,0.042947607421875006
2004-02-13 22:12:39,0.06198071289062501,0.07591865234375,0.08054877929687501,0.044799755859375005
2004-02-13 22:22:39,0.0610279296875,0.07502612304687499,0.07839990234375,0.04476323242187501
2004-02-13 22:32:39,0.060548193359375,0.075246533203125,0.07722856445312501,0.044763037109375
2004-02-13 22:42:39,0.06128935546875001,0.075494970703125,0.079613330078125,0.04407724609375001
2004-02-13 22:52:39,0.06117880859375,0.07468754882812499,0.07720546874999999,0.044074609375
2004-02-13 23:02:39,0.06173798828125001,0.075790771484375,0.078434326171875,0.04442841796875001
2004-02-13 23:12:39,0.061184326171875004,0.07475532226562501,0.07665498046875001,0.043780371093750006
2004-02-13 23:22:39,0.060832666015625,0.074841162109375,0.077788427734375,0.044089794921875
2004-02-13 23:32:39,0.059829638671875005,0.07489199218749999,0.07778188476562502,0.043486035156250005
2004-02-13 23:42:39,0.061067236328124996,0.074635400390625,0.07796562500000001,0.043447363281250005
2004-02-13 23:52:39,0.061001904296875,0.074126416015625,0.07817080078125001,0.043681494140625006
2004-02-14 00:02:39,0.060413623046875,0.0743083984375,0.078068994140625,0.04404174804687501
2004-02-14 00:12:39,0.05996123046875,0.07467758789062501,0.077953076171875,0.04355693359375001
2004-02-14 00:22:39,0.06019365234375,0.07498237304687501,0.07762563476562499,0.044557910156250005
2004-02-14 00:32:39,0.061523535156249996,0.07555078125,0.07733149414062501,0.04391318359375
2004-02-14 00:42:39,0.061168798828125,0.07546044921875,0.07899228515625,0.044504150390625004
2004-02-14 00:52:39,0.060855908203124996,0.07505107421875,0.0760671875,0.04468906250000001
2004-02-14 01:02:39,0.061240966796875004,0.07474931640625,0.07908129882812501,0.04527724609375
2004-02-14 01:12:39,0.060006494140625,0.07506904296875001,0.075198974609375,0.04381533203125
2004-02-14 01:22:39,0.061500781250000004,0.075199462890625,0.07856328125,0.045405224609375
2004-02-14 01:32:39,0.060510986328125,0.075355908203125,0.07639501953125,0.0433849609375
2004-02-14 01:42:39,0.06143486328125001,0.074777685546875,0.0765103515625,0.044046191406250004
2004-02-14 01:52:39,0.061867724609374994,0.07502133789062501,0.07923486328124998,0.043855419921875
2004-02-14 02:02:39,0.061620410156250006,0.07559565429687501,0.077450537109375,0.04405244140625
2004-02-14 02:12:39,0.06088505859375,0.07512924804687501,0.07792490234375,0.044742822265625
2004-02-14 02:22:39,0.06074467773437501,0.07466884765625,0.077510888671875,0.043933447265625
2004-02-14 02:32:39,0.06134833984375,0.074798095703125,0.07716171875,0.04366586914062501
2004-02-14 02:42:39,0.06020771484375,0.073751953125,0.07785854492187501,0.043968798828125
2004-02-14 02:52:39,0.0608783203125,0.07506005859375,0.08003808593750002,0.045150292968750005
2004-02-14 03:02:39,0.059485205078125006,0.0740181640625,0.0760591796875,0.04387065429687501
2004-02-14 03:12:39,0.060624511718749996,0.0759642578125,0.07700034179687501,0.04399594726562501
2004-02-14 03:22:39,0.06126865234375001,0.07537294921875001,0.0796841796875,0.044419921875000004
2004-02-14 03:32:39,0.05971533203125,0.07555571289062502,0.0802578125,0.044594775390625
2004-02-14 03:42:39,0.0607826171875,0.07528061523437501,0.0769822265625,0.04478984375
2004-02-14 03:52:39,0.060064697265625,0.07486293945312501,0.08095126953125001,0.044783691406250006
2004-02-14 04:02:39,0.060131884765625,0.07603818359375,0.077883984375,0.044471533203125004
2004-02-14 04:12:39,0.05983247070312501,0.07448134765625,0.07645336914062499,0.04397353515625001
2004-02-14 04:22:39,0.059942089843750004,0.07570341796875,0.076838525390625,0.044329296875
2004-02-14 04:32:39,0.0617685546875,0.07520522460937498,0.078288916015625,0.043907666015625
2004-02-14 04:42:39,0.06061796875000001,0.074761865234375,0.07777153320312499,0.043841552734375004
2004-02-14 04:52:39,0.060332958984375,0.074928076171875,0.078385400390625,0.04432617187500001
2004-02-14 05:02:39,0.06055107421875,0.075571337890625,0.078127099609375,0.04446455078125
2004-02-14 05:12:39,0.06046616210937501,0.07552260742187501,0.077231689453125,0.04400415039062501
2004-02-14 05:22:39,0.06080327148437501,0.07540834960937501,0.07755087890625001,0.04478671875000001
2004-02-14 05:32:39,0.05950224609375,0.07415498046875,0.076556591796875,0.043587500000000015
2004-02-14 05:42:39,0.061728955078125,0.076190478515625,0.078904248046875,0.043791455078125
2004-02-14 05:52:39,0.06114384765625001,0.07547348632812499,0.077748291015625,0.04441445312500001
2004-02-14 06:02:39,0.061066650390625,0.075410205078125,0.07712143554687499,0.043940283203125007
2004-02-14 06:12:39,0.061123876953125,0.07449609375,0.077760009765625,0.0442724609375
2004-02-14 06:22:39,0.05973530273437501,0.073982958984375,0.078685498046875,0.04321992187500001
2004-02-14 06:32:39,0.05989277343750001,0.07513251953125,0.07793056640624998,0.04352226562500001
2004-02-14 06:42:39,0.06193354492187501,0.074398193359375,0.07837568359375001,0.044060302734375
2004-02-14 06:52:39,0.06150473632812501,0.07512685546875,0.0765541015625,0.04380800781250001
2004-02-14 07:02:39,0.061249609375,0.07546181640625,0.078433544921875,0.044720751953125
2004-02-14 07:12:39,0.06162392578125,0.07491376953125001,0.079579736328125,0.04394931640625001
2004-02-14 07:22:39,0.05983286132812501,0.0750451171875,0.07857060546874998,0.04393115234375001
2004-02-14 07:32:39,0.06017080078125,0.07479165039062499,0.07726435546875,0.044603076171875
2004-02-14 07:42:39,0.06106171875000001,0.074866259765625,0.07751469726562502,0.043198828125
2004-02-14 07:52:39,0.06151791992187501,0.07474887695312502,0.07630927734375,0.044899023437500005
2004-02-14 08:02:39,0.060233154296875,0.07495219726562499,0.077158251953125,0.043798876953124996
2004-02-14 08:12:39,0.061496826171875005,0.07462353515625,0.07898442382812501,0.044156103515625
2004-02-14 08:22:39,0.06152788085937501,0.07492236328124999,0.0775484375,0.04462504882812501
2004-02-14 08:32:39,0.06209296875000001,0.07499638671875,0.07780019531250001,0.044117138671875
2004-02-14 08:42:39,0.06052500000000001,0.0746259765625,0.075941259765625,0.04377548828125001
2004-02-14 08:52:39,0.06178310546875001,0.074485205078125,0.076533203125,0.04412490234375
2004-02-14 09:02:39,0.060192285156250004,0.074238525390625,0.07496767578124999,0.04391752929687501
2004-02-14 09:12:39,0.06121875,0.0748734375,0.07677958984375001,0.043947900390625
2004-02-14 09:22:39,0.060750732421874995,0.07394716796875,0.07776494140625,0.0439060546875
2004-02-14 09:32:39,0.060481689453125,0.072823291015625,0.07733154296875,0.04342841796875001
2004-02-14 09:42:39,0.061139648437500006,0.07423955078125,0.078564794921875,0.043567773437500006
2004-02-14 09:52:39,0.061593603515625005,0.07506005859375,0.07710126953124999,0.04441875000000001
2004-02-14 10:02:39,0.05991953125000001,0.07407197265625001,0.07582099609375001,0.04387099609375
2004-02-14 10:12:39,0.060994091796875004,0.075731640625,0.07763427734375,0.043547070312500005
2004-02-14 10:22:39,0.059913867187500004,0.073965087890625,0.076581201171875,0.043572021484375
2004-02-14 10:32:39,0.060801806640625,0.075748095703125,0.078171923828125,0.04419301757812501
2004-02-14 10:42:39,0.06012373046874999,0.0743322265625,0.075874365234375,0.043823193359375
2004-02-14 10:52:39,0.060857861328125,0.075782421875,0.07655175781250001,0.044389892578125006
2004-02-14 11:02:39,0.06017465820312501,0.0736900390625,0.07877026367187501,0.04427514648437501
2004-02-14 11:12:39,0.0613154296875,0.0751615234375,0.08028154296875,0.04510390625000001
2004-02-14 11:22:39,0.060545800781250006,0.07458393554687501,0.081144384765625,0.045274560546875
2004-02-14 11:32:39,0.061403076171875,0.07510439453125,0.07777363281250001,0.04476083984375001
2004-02-14 11:42:39,0.06031049804687501,0.0741515625,0.07788666992187501,0.044624169921875
2004-02-14 11:52:39,0.06175947265625,0.074258837890625,0.077899365234375,0.044646777343750006
2004-02-14 12:02:39,0.06099384765625,0.07559252929687502,0.081576708984375,0.04396860351562501
2004-02-14 12:12:39,0.060786523437500004,0.07512529296875001,0.078855908203125,0.045051367187500004
2004-02-14 12:22:39,0.06141411132812501,0.0746150390625,0.078020947265625,0.043866015625
2004-02-14 12:32:39,0.062448535156250005,0.07529375,0.07812514648437499,0.04441157226562501
2004-02-14 12:42:39,0.059459277343750006,0.07492265625,0.078871826171875,0.043689599609375004
2004-02-14 12:52:39,0.060735205078125,0.07411420898437501,0.07691308593749999,0.044583251953125
2004-02-14 13:02:39,0.059924365234375,0.074509619140625,0.07786142578125001,0.043507128906250005
2004-02-14 13:12:39,0.06184033203125,0.074273974609375,0.077314306640625,0.044160009765625
2004-02-14 13:22:39,0.06068583984375,0.074053759765625,0.07536020507812499,0.04424423828125
2004-02-14 13:32:39,0.06126445312499999,0.074341748046875,0.07591806640625001,0.04414375
2004-02-14 13:42:39,0.06081533203125,0.075341162109375,0.07693496093749999,0.04396464843750001
2004-02-14 13:52:39,0.05999589843750001,0.07371806640625,0.076469970703125,0.04402416992187501
2004-02-14 14:02:39,0.06110375976562501,0.07458310546875,0.07540976562499999,0.04496665039062501
2004-02-14 14:12:39,0.061575390625000004,0.075980859375,0.0790037109375,0.044227685546875006
2004-02-14 14:22:39,0.06203159179687501,0.07579658203125,0.07847070312500001,0.0443638671875
2004-02-14 14:32:39,0.061577099609375005,0.07433359375,0.07424384765625,0.043741357421875
2004-02-14 14:42:39,0.060446923828125,0.074340283203125,0.07514936523437499,0.044547070312500006
2004-02-14 14:52:39,0.061389013671875006,0.07483198242187501,0.07711474609374999,0.044202539062500004
2004-02-14 15:02:39,0.060815283203125,0.07403251953125,0.07729335937500001,0.043103759765625006
2004-02-14 15:12:39,0.061808251953125004,0.07470068359375001,0.07639360351562499,0.043782958984375
2004-02-14 15:22:39,0.06015454101562499,0.073880126953125,0.07736640624999999,0.043658300781250006
2004-02-14 15:32:39,0.06073818359375001,0.07443740234375,0.077055810546875,0.043798730468750005
2004-02-14 15:42:39,0.060311572265625,0.074331982421875,0.0757361328125,0.04326396484375
2004-02-14 15:52:39,0.061462353515625,0.07450576171875,0.07754169921875,0.043935107421875
2004-02-14 16:02:39,0.061589453125000006,0.073372314453125,0.077566748046875,0.044076611328125
2004-02-14 16:12:39,0.0601255859375,0.075599951171875,0.0761044921875,0.044310400390625004
2004-02-14 16:22:39,0.061396142578125,0.0741341796875,0.07672104492187501,0.044129931640625
2004-02-14 16:32:39,0.06144804687500001,0.075152294921875,0.0772423828125,0.043966406250000006
2004-02-14 16:42:39,0.060296923828125,0.074452001953125,0.07738310546874999,0.04386704101562501
2004-02-14 16:52:39,0.061688085937500005,0.07525151367187502,0.07632451171875,0.043964501953125
2004-02-14 17:02:39,0.059888525390625,0.07389965820312501,0.07854873046875001,0.0445927734375
2004-02-14 17:12:39,0.061401806640625,0.075277001953125,0.07783642578125001,0.043997705078125005
2004-02-14 17:22:39,0.061594482421875,0.0750033203125,0.07635908203125,0.043877197265625
2004-02-14 17:32:39,0.061064697265625,0.07420576171875001,0.076611865234375,0.04414604492187501
2004-02-14 17:42:39,0.060347949218749995,0.074654736328125,0.07744946289062501,0.043885595703125
2004-02-14 17:52:39,0.059197363281250005,0.07444956054687499,0.075755712890625,0.044502978515625
2004-02-14 18:02:39,0.059457177734375,0.074066162109375,0.075276904296875,0.04364394531250001
2004-02-14 18:12:39,0.060333544921875,0.07416064453125,0.077070751953125,0.043111425781250004
2004-02-14 18:22:39,0.061313574218750014,0.07453212890624998,0.07630908203125,0.04395307617187501
2004-02-14 18:32:39,0.05925786132812501,0.074716845703125,0.076416064453125,0.044201611328125
2004-02-14 18:42:39,0.062381933593749994,0.07551723632812501,0.07791669921875,0.04434814453125
2004-02-14 18:52:39,0.061403173828125004,0.07477773437499999,0.07777866210937501,0.044701074218750005
2004-02-14 19:02:39,0.061934033203125,0.0746900390625,0.077345166015625,0.04378720703125001
2004-02-14 19:12:39,0.06097177734375,0.07502075195312499,0.07651416015625,0.044835302734375006
2004-02-14 19:22:39,0.060819287109374995,0.074555078125,0.07550512695312499,0.04341816406250001
2004-02-14 19:32:39,0.060480517578125004,0.07415322265625,0.07646435546875001,0.04388046875
2004-02-14 19:42:39,0.060902587890625005,0.07423681640625,0.0780330078125,0.0439474609375
2004-02-14 19:52:39,0.060321875000000004,0.07223056640625,0.076570703125,0.04435517578125
2004-02-14 20:02:39,0.061469580078124995,0.07432646484375,0.07799145507812501,0.044375439453125005
2004-02-14 20:12:39,0.060384716796875,0.07439116210937499,0.07822861328125,0.04404360351562501
2004-02-14 20:22:39,0.061996240234375,0.0741125,0.077535400390625,0.04438637695312501
2004-02-14 20:32:39,0.060782568359375,0.072997119140625,0.07616318359374999,0.044416406250000005
2004-02-14 20:42:39,0.060760888671875,0.07371875000000001,0.07565922851562498,0.04315546875
2004-02-14 20:52:39,0.05958745117187501,0.072944677734375,0.075801708984375,0.04292763671875001
2004-02-14 21:02:39,0.060476074218749995,0.07342158203125,0.077526611328125,0.04409365234375
2004-02-14 21:12:39,0.06076538085937501,0.07454462890625001,0.07843588867187501,0.04413505859375001
2004-02-14 21:22:39,0.060550976562500004,0.0747076171875,0.07612241210937501,0.044126416015625
2004-02-14 21:32:39,0.06115634765625,0.0745423828125,0.076467626953125,0.044147558593750004
2004-02-14 21:42:39,0.05999667968750001,0.07450380859375001,0.07451557617187501,0.044013623046875006
2004-02-14 21:52:39,0.06182353515625001,0.07521191406250001,0.077733740234375,0.0436921875
2004-02-14 22:02:39,0.061579003906250006,0.07475219726562499,0.07702246093750001,0.044150292968750005
2004-02-14 22:12:39,0.060126806640624995,0.074334130859375,0.07719560546875,0.043744921875
2004-02-14 22:22:39,0.06092690429687501,0.07476298828125,0.07607499999999999,0.043748046875
2004-02-14 22:32:39,0.060426611328125004,0.07419213867187499,0.07716948242187499,0.043535498046875
2004-02-14 22:42:39,0.059454638671875004,0.073146826171875,0.07477875976562501,0.04335517578125
2004-02-14 22:52:39,0.06060605468750001,0.07354975585937501,0.076614501953125,0.043962597656250005
2004-02-14 23:02:39,0.061344287109375006,0.07409770507812499,0.0772693359375,0.044406787109375005
2004-02-14 23:12:39,0.061218017578125006,0.0744916015625,0.07816440429687499,0.0445130859375
2004-02-14 23:22:39,0.06043359375,0.074920556640625,0.0775576171875,0.043831103515625004
2004-02-14 23:32:39,0.060959863281250005,0.074205517578125,0.076617529296875,0.04425766601562501
2004-02-14 23:42:39,0.061008349609375,0.074812744140625,0.07915009765625,0.044157666015625
2004-02-14 23:52:39,0.060600146484375006,0.07411181640625,0.07568090820312501,0.043238720703125
2004-02-15 00:02:39,0.06161357421875,0.07401445312500002,0.07641718750000001,0.043767578125000005
2004-02-15 00:12:39,0.059737695312500005,0.07378916015625,0.07682138671875001,0.043597607421875004
2004-02-15 00:22:39,0.059270117187500006,0.074537060546875,0.07442197265624999,0.04436362304687501
2004-02-15 00:32:39,0.05980400390625,0.07396186523437501,0.076216650390625,0.04394223632812501
2004-02-15 00:42:39,0.06127036132812501,0.07359716796875,0.07682299804687501,0.044045361328125004
2004-02-15 00:52:39,0.06143388671875001,0.07438295898437501,0.0761927734375,0.04354921875
2004-02-15 01:02:39,0.060029296875000006,0.074468505859375,0.079345263671875,0.04358046875000001
2004-02-15 01:12:39,0.06137993164062501,0.0746826171875,0.07630361328125,0.045298095703125
2004-02-15 01:22:39,0.0608064453125,0.0740376953125,0.07529550781250001,0.04410883789062501
2004-02-15 01:32:39,0.06047377929687501,0.073323388671875,0.075531640625,0.043837744140625
2004-02-15 01:42:39,0.059937695312500004,0.07423295898437501,0.075701416015625,0.04344609375
2004-02-15 01:52:39,0.061775292968750006,0.07341333007812499,0.07716918945312501,0.043473242187500004
2004-02-15 02:02:39,0.06113681640625,0.074779638671875,0.08004565429687499,0.04436401367187501
2004-02-15 02:12:39,0.06111855468750001,0.073096728515625,0.07721552734374999,0.043959228515625004
2004-02-15 02:22:39,0.060760546875,0.074484228515625,0.078567431640625,0.043183154296875
2004-02-15 02:32:39,0.059349609375,0.072818701171875,0.078041748046875,0.043325878906250004
2004-02-15 02:42:39,0.060456201171875,0.07504145507812501,0.077286279296875,0.04445908203125
2004-02-15 02:52:39,0.060123291015625004,0.07376357421875,0.07758212890625,0.043323388671875004
2004-02-15 03:02:39,0.059873291015624996,0.07275869140624999,0.07561850585937502,0.044783007812500004
2004-02-15 03:12:39,0.059211523437500004,0.07471186523437501,0.0765814453125,0.04351787109375001
2004-02-15 03:22:39,0.06146669921875,0.073433251953125,0.07821943359375001,0.04442719726562501
2004-02-15 03:32:39,0.061616796875000004,0.07464487304687499,0.0759962890625,0.044277832031250006
2004-02-15 03:42:39,0.061251416015625004,0.073750927734375,0.077136279296875,0.04365166015625
2004-02-15 03:52:39,0.06140732421875,0.07549931640624999,0.07806259765625,0.044264843750000005
2004-02-15 04:02:39,0.06224790039062501,0.07488681640625,0.07742583007812501,0.04331142578125
2004-02-15 04:12:39,0.061873583984375,0.07508139648437501,0.076888330078125,0.043776025390625
2004-02-15 04:22:39,0.060894628906250005,0.07432285156249999,0.07665908203125,0.04426533203125001
2004-02-15 04:32:39,0.060629443359375014,0.07485844726562499,0.077184326171875,0.044107861328125005
2004-02-15 04:42:39,0.061670654296875,0.07392456054687499,0.076620849609375,0.043784130859375006
2004-02-15 04:52:39,0.058806298828125006,0.07312890624999999,0.07420927734375,0.043361328125
2004-02-15 05:02:39,0.060977246093750014,0.07405947265625001,0.07859931640625,0.04369863281250001
2004-02-15 05:12:39,0.06090004882812501,0.074164697265625,0.07703046875,0.043897167968750005
2004-02-15 05:22:39,0.059427587890625,0.07310620117187501,0.075479248046875,0.04343955078125
2004-02-15 05:32:39,0.06044697265625,0.074489794921875,0.07761533203125,0.043218359375
2004-02-15 05:42:39,0.05829340820312501,0.07264243164062499,0.07392880859375,0.04350600585937501
2004-02-15 05:52:39,0.060828369140625005,0.073486279296875,0.07521137695312499,0.044237646484375004
2004-02-15 06:02:39,0.0604595703125,0.073839892578125,0.07690747070312501,0.044406396484375
2004-02-15 06:12:39,0.060357275390625,0.07466420898437501,0.075704736328125,0.043424462890625
2004-02-15 06:22:39,0.060023583984375004,0.07251733398437499,0.075791845703125,0.043638134765625
2004-02-15 06:32:39,0.060301708984375,0.073628076171875,0.07804072265624999,0.0433546875
2004-02-15 06:42:39,0.059980029296875,0.073317041015625,0.07672641601562499,0.044677246093750005
2004-02-15 06:52:39,0.060738818359375,0.07312861328125,0.076698388671875,0.043697802734375
2004-02-15 07:02:39,0.06074658203125001,0.075226611328125,0.07651640625000002,0.0443166015625
2004-02-15 07:12:39,0.060095361328125006,0.07396083984374999,0.07660156250000001,0.043560449218750005
2004-02-15 07:22:39,0.06008349609375001,0.07214199218749999,0.075310400390625,0.044187646484375
2004-02-15 07:32:39,0.060696484375000005,0.07408583984375,0.07758623046874999,0.043646337890625
2004-02-15 07:42:39,0.060730517578125,0.07399238281250001,0.07720532226562499,0.043926171874999996
2004-02-15 07:52:39,0.060631787109375,0.073766943359375,0.076850048828125,0.04333583984375001
2004-02-15 08:02:39,0.06134345703124999,0.073816845703125,0.07601474609375,0.043955908203125005
2004-02-15 08:12:39,0.060620068359375,0.07312592773437501,0.076695703125,0.0443802734375
2004-02-15 08:22:39,0.06035678710937501,0.073102392578125,0.075491162109375,0.043016064453125
2004-02-15 08:32:39,0.060161425781250014,0.07440258789062501,0.07767900390625,0.044456884765625
2004-02-15 08:42:39,0.061542626953125,0.07454101562500001,0.07686787109375,0.043868798828125
2004-02-15 08:52:39,0.06079077148437499,0.07352729492187501,0.07693544921875,0.044000830078125004
2004-02-15 09:02:39,0.06059833984375,0.074465380859375,0.07829560546875,0.04369189453125001
2004-02-15 09:12:39,0.06027119140625,0.074156201171875,0.07568818359375,0.04376923828125
2004-02-15 09:22:39,0.06124570312500001,0.07473955078125,0.077800244140625,0.04433374023437501
2004-02-15 09:32:39,0.06065537109375,0.0738443359375,0.07642265625,0.04421206054687501
2004-02-15 09:42:39,0.060508740234375004,0.073524462890625,0.07737910156250001,0.043251318359375
2004-02-15 09:52:39,0.059880566406250016,0.0736779296875,0.0763810546875,0.045047705078125
2004-02-15 10:02:39,0.06068496093750001,0.074630029296875,0.07723276367187501,0.044175634765625006
2004-02-15 10:12:39,0.06126279296875,0.07383076171875,0.0763671875,0.043859814453125
2004-02-15 10:22:39,0.06123774414062501,0.07384345703125002,0.07625800781249999,0.043890087890625006
2004-02-15 10:32:39,0.06095781250000001,0.07449770507812499,0.076285693359375,0.043230810546875005
2004-02-15 10:42:39,0.060306250000000006,0.07322880859375,0.075186962890625,0.043279541015625006
2004-02-15 10:52:39,0.061288525390625,0.074113232421875,0.07694433593750001,0.04378984375
2004-02-15 11:02:39,0.061652734375000004,0.07476030273437499,0.07606767578125,0.043549121093750004
2004-02-15 11:12:39,0.060571484375000005,0.07373437500000002,0.078334619140625,0.04499072265625
2004-02-15 11:22:39,0.060180712890625,0.07293413085937499,0.07664956054687501,0.0435369140625
2004-02-15 11:32:39,0.061555419921875,0.07499052734375,0.07493876953124999,0.044545458984375
2004-02-15 11:42:39,0.06178876953125001,0.07375532226562499,0.07618964843750001,0.044049755859375
2004-02-15 11:52:39,0.060815478515625,0.0741455078125,0.078238671875,0.043642724609375
2004-02-15 12:02:39,0.061248535156250006,0.0739583984375,0.075849169921875,0.04348823242187501
2004-02-15 12:12:39,0.060543115234375014,0.073485888671875,0.076079248046875,0.04394077148437501
2004-02-15 12:22:39,0.060525244140625004,0.07438457031250001,0.0781458984375,0.04417490234375
2004-02-15 12:32:39,0.060918115234375,0.07334038085937501,0.07764067382812499,0.042916162109375
2004-02-15 12:42:39,0.061788037109375006,0.07420341796875,0.07959267578125,0.044317919921875004
2004-02-15 12:52:39,0.06164970703125,0.07432919921875,0.07582421875,0.04374077148437501
2004-02-15 13:02:39,0.061665673828125,0.07404648437500001,0.076447119140625,0.044804296875
2004-02-15 13:12:39,0.059931201171875004,0.07404868164062499,0.07550126953125,0.04402255859375
2004-02-15 13:22:39,0.05995112304687501,0.07397236328125001,0.076821923828125,0.043493554687500005
2004-02-15 13:32:39,0.060586376953125,0.074440771484375,0.0770775390625,0.04425239257812501
2004-02-15 13:42:39,0.062081689453125,0.0745771484375,0.077462841796875,0.04386459960937501
2004-02-15 13:52:39,0.06075234375000001,0.074316259765625,0.07703315429687499,0.043081152343750005
2004-02-15 14:02:39,0.062052783203124996,0.07425810546875,0.07787900390625,0.04389912109375001
2004-02-15 14:12:39,0.0621291015625,0.07409165039062501,0.077455078125,0.04402104492187501
2004-02-15 14:22:39,0.061879980468750005,0.07369140625,0.075899609375,0.044326416015625
2004-02-15 14:32:39,0.06116948242187501,0.0737580078125,0.07465439453125,0.044229443359375
2004-02-15 14:42:39,0.06083432617187501,0.07422783203125001,0.07612656250000001,0.043882373046875
2004-02-15 14:52:39,0.062806591796875,0.07503876953125,0.0769548828125,0.044900927734375005
2004-02-15 15:02:39,0.062000195312500006,0.07381381835937499,0.078163525390625,0.044578173828125
2004-02-15 15:12:39,0.061616503906249995,0.074648193359375,0.07616176757812501,0.044314599609375005
2004-02-15 15:22:39,0.06251484375000001,0.07502294921875,0.080418115234375,0.04511679687500001
2004-02-15 15:32:39,0.06145122070312501,0.075219580078125,0.078205224609375,0.04407080078125
2004-02-15 15:42:39,0.06086855468750001,0.07341513671875,0.07655468750000001,0.04413325195312501
2004-02-15 15:52:39,0.06103349609374999,0.0739603515625,0.07629750976562502,0.04332524414062501
2004-02-15 16:02:39,0.06000620117187501,0.0730716796875,0.07511943359374999,0.04366606445312501
2004-02-15 16:12:39,0.0611408203125,0.0743091796875,0.078467431640625,0.04338193359375
2004-02-15 16:22:39,0.060398876953125,0.07256118164062501,0.07680898437500001,0.04362080078125001
2004-02-15 16:32:39,0.0616291015625,0.07415014648437498,0.07863701171875,0.04442148437500001
2004-02-15 16:42:39,0.059661865234375,0.07315688476562501,0.07595322265625,0.04286801757812501
2004-02-15 16:52:39,0.06050654296875,0.074214208984375,0.077982763671875,0.04382236328125
2004-02-15 17:02:39,0.060943603515625,0.07436933593749999,0.075932177734375,0.044549169921875006
2004-02-15 17:12:39,0.061735693359374996,0.073943212890625,0.07614365234375,0.043504443359375
2004-02-15 17:22:39,0.05996416015625,0.07244223632812499,0.07627241210937499,0.04452626953125001
2004-02-15 17:32:39,0.06205693359375001,0.07485878906249999,0.076089794921875,0.04353168945312501
2004-02-15 17:42:39,0.061358398437499996,0.07338730468750002,0.077302880859375,0.0435794921875
2004-02-15 17:52:39,0.06073486328125001,0.07393818359375001,0.07726171875,0.043671484375
2004-02-15 18:02:39,0.061094775390625,0.07291938476562501,0.07617812500000001,0.044354492187500004
2004-02-15 18:12:39,0.06068974609375,0.07366083984374999,0.0773537109375,0.043166845703125
2004-02-15 18:22:39,0.0611765625,0.07399716796875,0.078577197265625,0.04338369140625
2004-02-15 18:32:39,0.05951474609375,0.07290927734375,0.07654150390625,0.043481250000000006
2004-02-15 18:42:39,0.060450195312499996,0.07355625,0.076993505859375,0.04371103515625
2004-02-15 18:52:39,0.060219140625,0.07447880859375001,0.075766650390625,0.043923876953125
2004-02-15 19:02:39,0.059547705078125,0.07352158203125,0.07633315429687501,0.044296728515625
2004-02-15 19:12:39,0.06060078125,0.07285317382812499,0.077093505859375,0.04358164062500001
2004-02-15 19:22:39,0.06020000000000001,0.074030078125,0.07664384765625001,0.04365541992187501
2004-02-15 19:32:39,0.060284277343750005,0.07258559570312502,0.07642529296875,0.043938720703125
2004-02-15 19:42:39,0.059931640625000004,0.07305673828125,0.076638134765625,0.044274853515625004
2004-02-15 19:52:39,0.061803466796875005,0.07444482421875,0.07739511718749999,0.04416503906250001
2004-02-15 20:02:39,0.059112109375,0.073294287109375,0.075331396484375,0.043487158203125
2004-02-15 20:12:39,0.05939672851562501,0.07323247070312501,0.075815380859375,0.042776953125
2004-02-15 20:22:39,0.060980126953125005,0.07303164062499999,0.076006103515625,0.044228027343750004
2004-02-15 20:32:39,0.061084326171875,0.07305126953125,0.07606542968749999,0.0444671875
2004-02-15 20:42:39,0.06146030273437501,0.073409130859375,0.075826611328125,0.04406206054687501
2004-02-15 20:52:39,0.06013095703125,0.073293212890625,0.07383359375000001,0.043315234375000004
2004-02-15 21:02:39,0.061262109375,0.073110791015625,0.074962255859375,0.043507373046875006
2004-02-15 21:12:39,0.060783837890625005,0.07312475585937499,0.07665039062499998,0.044459667968750005
2004-02-15 21:22:39,0.061648144531250004,0.074133642578125,0.0775791015625,0.044886669921875004
2004-02-15 21:32:39,0.060716748046875005,0.0742462890625,0.07672612304687501,0.04342963867187501
2004-02-15 21:42:39,0.060460693359375005,0.07306982421875,0.078121337890625,0.0430759765625
2004-02-15 21:52:39,0.059829931640625,0.07228408203125,0.07513706054687501,0.04388203125
2004-02-15 22:02:39,0.06113251953125,0.07362470703124999,0.07562573242187501,0.043730615234375006
2004-02-15 22:12:39,0.061449755859374997,0.073311328125,0.0772763671875,0.043763378906250004
2004-02-15 22:22:39,0.061097021484375,0.07463540039062501,0.077049072265625,0.043687939453125005
2004-02-15 22:32:39,0.06256396484375,0.0745001953125,0.07717265625,0.044617041015625004
2004-02-15 22:42:39,0.061390185546875,0.07439707031250001,0.07745468750000001,0.044105126953125004
2004-02-15 22:52:39,0.06198276367187501,0.07371713867187499,0.0762046875,0.044266357421875
2004-02-15 23:02:39,0.062387744140625,0.074656005859375,0.07763369140625001,0.04416689453125001
2004-02-15 23:12:39,0.06248466796875,0.07416201171875,0.076727783203125,0.043698681640625
2004-02-15 23:22:39,0.06155986328125,0.074547705078125,0.076465283203125,0.044013769531250004
2004-02-15 23:32:39,0.06118554687500001,0.074021142578125,0.07636821289062501,0.043786572265625004
2004-02-15 23:42:39,0.06132294921875001,0.07332509765624999,0.0793259765625,0.043318847656250006
2004-02-15 23:52:39,0.0641630859375,0.074462451171875,0.07792421875,0.044518212890625006
2004-02-16 00:02:39,0.06074990234375001,0.07368388671875001,0.07703041992187501,0.044209912109375
2004-02-16 00:12:39,0.061643603515625,0.072591357421875,0.07642460937500001,0.04418803710937501
2004-02-16 00:22:39,0.060910107421875005,0.07355356445312501,0.077086328125,0.04440625000000001
2004-02-16 00:32:39,0.061634716796875,0.072986376953125,0.07663427734375,0.0436314453125
2004-02-16 00:42:39,0.06112666015625001,0.073989892578125,0.077778271484375,0.043750927734375
2004-02-16 00:52:39,0.059529541015625,0.073178662109375,0.07711943359375001,0.043034082031250004
2004-02-16 01:02:39,0.061532617187500006,0.073514306640625,0.07627368164062501,0.043683203125
2004-02-16 01:12:39,0.062038623046875,0.07361738281249999,0.077819970703125,0.044070556640625
2004-02-16 01:22:39,0.060091308593750004,0.073071923828125,0.07626289062500001,0.043241894531250005
2004-02-16 01:32:39,0.06156723632812501,0.07310146484375002,0.076760986328125,0.044150830078125
2004-02-16 01:42:39,0.06280170898437501,0.07417783203125002,0.07914228515625,0.044831542968750006
2004-02-16 01:52:39,0.06265395507812502,0.07391098632812501,0.07642509765625001,0.04419331054687501
2004-02-16 02:02:39,0.062994384765625,0.0745046875,0.0767279296875,0.045015039062500005
2004-02-16 02:12:39,0.06148852539062499,0.07350219726562499,0.076862939453125,0.043877197265625
2004-02-16 02:22:39,0.062045556640625,0.07339638671875,0.077163818359375,0.044300390625000005
2004-02-16 02:32:39,0.061701171875,0.074033837890625,0.077076220703125,0.04407348632812501
2004-02-16 02:42:39,0.0612896484375,0.072110693359375,0.076979638671875,0.043573974609374996
2004-02-16 02:52:39,0.0627037109375,0.07461113281250001,0.077441552734375,0.044793896484375005
2004-02-16 03:02:39,0.06086909179687501,0.073200146484375,0.07651191406249999,0.04411713867187501
2004-02-16 03:12:39,0.064636474609375,0.07400703125,0.07766923828124998,0.044793310546875006
2004-02-16 03:22:39,0.066211181640625,0.074823828125,0.077529150390625,0.04472695312500001
2004-02-16 03:32:39,0.066476513671875,0.07388237304687499,0.07607348632812501,0.0441255859375
2004-02-16 03:42:39,0.065578857421875,0.072858447265625,0.07613574218750001,0.04480576171875
2004-02-16 03:52:39,0.065423583984375,0.074338623046875,0.07578642578125001,0.044495849609375006
2004-02-16 04:02:39,0.06626748046875,0.072990234375,0.07715732421875002,0.044458056640625
2004-02-16 04:12:39,0.067622119140625,0.07557241210937501,0.079594873046875,0.045918896484375
2004-02-16 04:22:39,0.06646704101562499,0.07446787109375,0.077677294921875,0.045562890625000005
2004-02-16 04:32:39,0.06514169921875,0.07387597656250003,0.078375,0.044365332031249996
2004-02-16 04:42:39,0.06573759765625001,0.073960205078125,0.07677841796875,0.04445849609375
2004-02-16 04:52:39,0.06611171875000002,0.07416235351562499,0.07707285156250002,0.04446181640625
2004-02-16 05:02:39,0.067155615234375,0.07367612304687501,0.077675537109375,0.044636083984375005
2004-02-16 05:12:39,0.066328759765625,0.07354916992187499,0.07565361328125,0.04404272460937501
2004-02-16 05:22:39,0.06813012695312501,0.07401025390625,0.075498828125,0.0445634765625
2004-02-16 05:32:39,0.066585400390625,0.07300878906250001,0.076761083984375,0.044567773437500006
2004-02-16 05:42:39,0.0672046875,0.07407124023437499,0.0778935546875,0.044525
2004-02-16 05:52:39,0.068267431640625,0.07383657226562501,0.076658447265625,0.04443139648437501
2004-02-16 06:02:39,0.06851015625,0.075117236328125,0.076997900390625,0.044525292968750005
2004-02-16 06:12:39,0.06884213867187501,0.07452709960937501,0.078560986328125,0.045680957031250004
2004-02-16 06:22:39,0.06740664062499999,0.07479013671874998,0.077087548828125,0.0448103515625
2004-02-16 06:32:39,0.06703759765625002,0.07353837890625001,0.07673969726562499,0.0454330078125
2004-02-16 06:42:39,0.06806416015625001,0.07391826171875,0.07706328125,0.044154638671875
2004-02-16 06:52:39,0.06880546875,0.074257763671875,0.07960478515625,0.044311572265625
2004-02-16 07:02:39,0.069295361328125,0.073261376953125,0.07652973632812501,0.044680078125
2004-02-16 07:12:39,0.06745712890625001,0.0726912109375,0.0758333984375,0.04358583984375
2004-02-16 07:22:39,0.07013779296875,0.07386254882812501,0.07701362304687501,0.044883154296875005
2004-02-16 07:32:39,0.06724960937499999,0.073146923828125,0.07408491210937501,0.044469921875
2004-02-16 07:42:39,0.06928984375,0.07451513671875,0.07631708984374999,0.044329199218750004
2004-02-16 07:52:39,0.069774560546875,0.0737802734375,0.0769173828125,0.044804736328125004
2004-02-16 08:02:39,0.06872001953125,0.074089501953125,0.07654580078125,0.044407958984375
2004-02-16 08:12:39,0.06866279296875,0.07371889648437499,0.07664033203125001,0.04477978515625
2004-02-16 08:22:39,0.069813720703125,0.07475375976562501,0.07578007812500001,0.044492480468750005
2004-02-16 08:32:39,0.067802001953125,0.07347358398437501,0.077168359375,0.044139404296875004
2004-02-16 08:42:39,0.069245703125,0.07408149414062501,0.076581005859375,0.044237304687500006
2004-02-16 08:52:39,0.068674462890625,0.07454970703125,0.07770986328125,0.045165478515625
